{"0":{"Year":1998,"GDP_capita":32949.1977640346},"1":{"Year":1999,"GDP_capita":34620.9288990826},"2":{"Year":2000,"GDP_capita":36449.8551155349},"3":{"Year":2001,"GDP_capita":37273.6181034176},"4":{"Year":2002,"GDP_capita":38166.0378407812},"5":{"Year":2003,"GDP_capita":39677.1983481058},"6":{"Year":2004,"GDP_capita":41921.8097617892},"7":{"Year":2005,"GDP_capita":44307.9205848603},"8":{"Year":2006,"GDP_capita":46437.0671173065},"9":{"Year":2007,"GDP_capita":48061.5376613353},"10":{"Year":2008,"GDP_capita":48401.4273403899},"11":{"Year":2009,"GDP_capita":47001.5553496818},"12":{"Year":2010,"GDP_capita":48375.4069462972},"13":{"Year":2011,"GDP_capita":49793.7135249201},"14":{"Year":2012,"GDP_capita":51450.9591148182},"15":{"Year":2013,"GDP_capita":52782.086508871},"16":{"Year":2014,"GDP_capita":54696.7261652327},"17":{"Year":2015,"GDP_capita":56443.8172422582},"18":{"Year":2016,"GDP_capita":57588.538070583},"19":{"Year":2017,"GDP_capita":59531.661964344}}